imdb_id,rate_date,rate
tt0903747,2018-01-08,10
tt0470752,2017-12-01,9
tt0119177,2017-11-24,9
tt1037705,2017-11-21,7
tt0418763,2017-11-15,8
tt0359950,2017-11-14,8
tt4698684,2017-11-12,8
tt0494222,2017-11-11,8
tt0379786,2017-11-11,9
tt3521164,2017-11-03,6
tt1700841,2017-11-02,6
tt6265828,2017-11-01,7
tt1638002,2017-10-31,6
tt2119532,2017-10-29,6
tt2406566,2017-10-27,7
tt5362988,2017-10-26,7
tt5290382,2017-10-25,8
tt4230076,2017-10-22,6
tt1790809,2017-10-17,6
tt1219827,2017-10-17,6
tt4630562,2017-10-15,4
tt3890160,2017-10-15,6
tt3896198,2017-10-14,6
tt3450958,2017-10-13,6
tt4425200,2017-10-12,6
tt0451279,2017-10-11,7
tt1959563,2017-10-11,6
tt2250912,2017-10-10,7
tt0468569,2017-09-26,10
tt0110912,2017-09-23,10
tt2015381,2017-09-18,7
tt2771200,2017-09-16,6
tt1334260,2017-09-16,7
tt3783958,2017-09-10,7
tt0399201,2017-09-03,6
tt1637688,2017-09-03,6
tt1189340,2017-08-19,7
tt0425112,2017-08-12,7
tt0361748,2017-08-11,8
tt5442430,2017-08-06,4
tt0780504,2017-07-22,8
tt0162065,2017-07-05,9
tt0118276,2017-06-25,9
tt0151804,2017-05-28,8
tt1156398,2017-05-28,7
tt5052448,2017-05-23,7
tt3315342,2017-05-23,7
tt0217869,2017-04-10,8
tt0910970,2017-04-09,10
tt4972582,2017-04-08,8
tt3322310,2017-04-06,8
tt1343092,2017-04-03,7
tt1878870,2017-03-30,7
tt3393786,2017-03-30,6
tt0081283,2017-03-25,6
tt3748528,2017-03-24,7
tt1216487,2017-03-21,7
tt0475784,2017-03-14,8
tt2085059,2017-03-10,8
tt1355644,2017-03-10,7
tt0285403,2017-03-04,9
tt2404435,2017-03-02,6
tt5491994,2017-02-12,10
tt1201607,2017-02-03,8
tt2543164,2017-02-03,8
tt0926084,2017-02-02,8
tt0417741,2017-02-01,8
tt0373889,2017-02-01,8
tt0330373,2017-01-31,8
tt0304141,2017-01-30,8
tt0295297,2017-01-29,8
tt0241527,2017-01-28,8
tt0371724,2017-01-26,7
tt0319061,2017-01-22,8
tt2547584,2017-01-21,7
tt0046183,2017-01-21,8
tt0307987,2017-01-20,7
tt0053285,2017-01-20,8
tt4263482,2017-01-19,7
tt1300851,2017-01-18,6
tt0333766,2017-01-17,9
tt0813715,2017-01-16,8
tt0144117,2017-01-12,7
tt0989757,2017-01-11,6
tt0246464,2017-01-11,7
tt2503944,2017-01-07,6
tt0496424,2017-01-06,9
tt0120768,2017-01-06,7
tt0949731,2016-12-31,4
tt1068680,2016-12-26,7
tt0038650,2016-12-26,9
tt3774114,2016-12-23,7
tt1570728,2016-12-22,8
tt0319343,2016-12-22,8
tt0079367,2016-12-19,6
tt4178092,2016-12-17,6
tt3567288,2016-12-15,6
tt1172049,2016-12-04,7
tt1386697,2016-12-03,6
tt3691740,2016-11-27,6
tt4302938,2016-11-17,7
tt2582782,2016-11-17,7
tt2277860,2016-11-15,7
tt1489889,2016-11-05,6
tt0443680,2016-11-02,8
tt1182345,2016-10-27,8
tt3416828,2016-10-23,6
tt1022603,2016-10-22,8
tt0335266,2016-10-21,8
tt2861424,2016-10-20,9
tt3322314,2016-10-15,8
tt3488710,2016-10-01,7
tt0104652,2016-10-01,7
tt0876563,2016-09-29,7
tt1974419,2016-09-26,6
tt2013293,2016-09-25,7
tt1375666,2016-09-24,9
tt3385516,2016-09-24,7
tt3498820,2016-09-23,7
tt0139654,2016-09-23,8
tt4052882,2016-09-23,6
tt1345836,2016-09-20,9
tt0468569,2016-09-19,9
tt0440963,2016-09-18,8
tt0372784,2016-09-18,8
tt0372183,2016-09-17,8
tt0258463,2016-09-15,8
tt0369339,2016-09-13,7
tt0803096,2016-09-11,5
tt0378194,2016-09-08,8
tt1298650,2016-09-06,6
tt3268458,2016-09-06,8
tt0449088,2016-09-05,7
tt0383574,2016-09-02,7
tt0325980,2016-09-02,8
tt0266697,2016-09-01,8
tt0208092,2016-08-31,8
tt0114746,2016-08-30,8
tt0988045,2016-08-30,7
tt0166924,2016-08-28,8
tt0117951,2016-08-27,8
tt0172495,2016-08-25,8
tt0154506,2016-08-24,7
tt0325805,2016-08-23,7
tt3799694,2016-08-22,7
tt3040964,2016-08-21,7
tt0217505,2016-08-18,7
tt0268978,2016-08-13,8
tt0112641,2016-08-11,9
tt0057012,2016-08-09,9
tt1060277,2016-08-08,7
tt4196776,2016-08-08,6
tt0083866,2016-08-07,7
tt1441953,2016-08-06,7
tt0107048,2016-08-05,8
tt0113277,2016-08-05,10
tt0167404,2016-08-05,7
tt0116282,2016-08-03,8
tt0172156,2016-08-02,7
tt0112442,2016-07-31,8
tt0373469,2016-07-30,8
tt0485947,2016-07-29,8
tt0181689,2016-07-28,8
tt0180093,2016-07-27,8
tt4574334,2016-07-27,9
tt0111503,2016-07-23,6
tt0289879,2016-07-22,7
tt0804497,2016-07-21,8
tt0198781,2016-07-20,8
tt0268380,2016-07-19,8
tt0446029,2016-07-17,8
tt0086250,2016-07-16,9
tt3682448,2016-07-16,8
tt0094721,2016-07-16,8
tt2975590,2016-07-16,6
tt2293640,2016-07-04,6
tt5242396,2016-07-04,6
tt2267968,2016-06-29,7
tt0082406,2016-06-26,7
tt2096673,2016-06-24,8
tt1663202,2016-06-23,8
tt2948356,2016-06-23,8
tt1179933,2016-06-22,8
tt3659388,2016-06-22,8
tt2379713,2016-06-22,7
tt1392190,2016-06-21,9
tt0421054,2016-06-20,4
tt1431045,2016-06-19,8
tt3076658,2016-06-19,7
tt3460252,2016-06-19,8
tt0478970,2016-06-18,6
tt1152758,2016-06-17,9
tt2381249,2016-06-15,7
tt3397884,2016-06-14,8
tt1587707,2016-06-14,7
tt3170832,2016-06-11,8
tt1895587,2016-05-31,8
tt0102685,2016-05-30,7
tt1596363,2016-05-30,7
tt0062622,2016-05-29,9
tt3312830,2016-05-29,7
tt2446980,2016-05-25,5
tt2395427,2016-05-24,6
tt2488496,2016-05-22,9
tt2304933,2016-05-20,5
tt0795176,2016-05-18,10
tt0067185,2016-05-15,7
tt0472954,2016-04-30,8
tt0097757,2016-04-22,8
tt0374463,2016-04-02,9
tt0074486,2016-03-19,7
tt0119116,2016-03-19,7
tt0055031,2016-03-13,8
tt0111257,2016-03-11,7
tt0209144,2016-03-10,9
tt0067023,2016-03-07,7
tt2707408,2016-03-04,9
tt1133985,2016-02-27,6
tt1474684,2016-02-19,7
tt0094737,2016-02-13,8
tt0407887,2016-02-09,9
tt1130884,2016-02-07,8
tt0118715,2016-02-06,9
tt0338013,2016-02-05,9
tt2357547,2016-02-04,8
tt4158110,2016-02-02,8
tt0286486,2016-01-28,9
tt0133363,2016-01-28,9
tt3715320,2016-01-16,6
tt3165612,2016-01-07,6
tt2637276,2016-01-04,6
tt1638355,2016-01-03,8
tt1798684,2016-01-03,6
tt0369610,2016-01-02,6
tt1340138,2016-01-02,7
tt2356777,2016-01-01,9
tt0290978,2015-12-29,9
tt1964418,2015-12-29,7
tt0804522,2015-12-26,6
tt0272338,2015-12-25,8
tt2402101,2015-12-25,6
tt3079380,2015-12-24,5
tt2848292,2015-12-24,5
tt2802850,2015-12-24,9
tt2582496,2015-12-23,8
tt0096754,2015-12-20,8
tt1791682,2015-12-12,6
tt0165361,2015-12-01,6
tt0047528,2015-11-18,7
tt1083845,2015-11-14,6
tt0118842,2015-11-10,7
tt2737050,2015-11-10,6
tt0094812,2015-11-10,6
tt0044706,2015-11-06,8
tt0061811,2015-11-05,8
tt0374546,2015-11-04,8
tt0031679,2015-11-03,9
tt0017136,2015-11-02,7
tt0054997,2015-11-02,9
tt0113247,2015-11-02,8
tt1981677,2015-11-01,6
tt0032551,2015-11-01,8
tt3450650,2015-10-31,2
tt0133152,2015-10-31,6
tt2343793,2015-10-30,7
tt1661199,2015-10-30,6
tt1243974,2015-10-28,6
tt0963178,2015-10-27,7
tt2243973,2015-10-24,9
tt0249462,2015-10-18,7
tt0367279,2015-10-17,9
tt0163025,2015-10-10,5
tt1291150,2015-10-10,5
tt0080761,2015-10-09,4
tt0478087,2015-10-01,6
tt0427152,2015-10-01,6
tt2557490,2015-09-29,6
tt0130827,2015-09-28,7
tt0118421,2015-09-27,9
tt0091203,2015-09-24,6
tt1441952,2015-09-21,6
tt0401383,2015-09-13,8
tt0418455,2015-09-12,7
tt0379786,2015-09-11,8
tt0150662,2015-09-11,7
tt0095159,2015-09-09,8
tt0115734,2015-09-09,7
tt0386676,2015-09-05,9
tt0870111,2015-09-05,7
tt0338564,2015-09-04,7
tt0117802,2015-09-02,8
tt0862846,2015-09-02,6
tt0287467,2015-09-02,6
tt0054047,2015-09-01,8
tt2043933,2015-09-01,7
tt0087544,2015-09-01,6
tt0087884,2015-08-31,9
tt0109506,2015-08-31,8
tt0062765,2015-08-31,8
tt1164999,2015-08-31,8
tt0092455,2015-08-31,9
tt0390384,2015-08-30,8
tt0393109,2015-08-29,7
tt2321549,2015-08-28,5
tt0480669,2015-08-27,7
tt1187064,2015-08-26,8
tt0093389,2015-08-25,7
tt2180411,2015-08-19,5
tt0119567,2015-08-17,6
tt1020072,2015-08-16,6
tt2452254,2015-08-15,7
tt0089530,2015-08-15,5
tt1872194,2015-08-13,7
tt2561572,2015-08-12,5
tt1617661,2015-08-12,5
tt3235888,2015-08-11,7
tt2199571,2015-08-08,7
tt0107290,2015-08-03,8
tt0042332,2015-07-31,8
tt0114709,2015-07-30,9
tt0397892,2015-07-29,7
tt2820852,2015-07-28,7
tt0167260,2015-07-23,9
tt0167261,2015-07-17,9
tt1977894,2015-07-17,7
tt0120737,2015-07-16,9
tt0114436,2015-07-01,4
tt0449059,2015-07-01,8
tt0443489,2015-07-01,6
tt0436697,2015-06-30,7
tt0497116,2015-06-29,6
tt0071007,2015-06-29,6
tt0854678,2015-06-29,7
tt1486185,2015-06-26,5
tt0270288,2015-06-26,7
tt1911658,2015-06-20,7
tt3107288,2015-06-20,8
tt0279967,2015-06-20,6
tt0892700,2015-06-20,8
tt3322312,2015-06-14,9
tt3032476,2015-06-11,9
tt1823672,2015-06-10,5
tt0073195,2015-05-26,8
tt2802144,2015-05-24,7
tt0097493,2015-05-21,8
tt0470752,2015-05-21,8
tt0082694,2015-05-18,8
tt0079501,2015-05-18,7
tt0100157,2015-05-17,7
tt1055292,2015-05-12,6
tt3316960,2015-05-08,7
tt2179136,2015-05-07,7
tt0087233,2015-05-01,6
tt0073580,2015-05-01,6
tt0301357,2015-04-27,6
tt2305051,2015-04-19,6
tt2397535,2015-04-19,7
tt0758758,2015-04-19,8
tt1791528,2015-04-18,8
tt2034031,2015-04-17,6
tt3612616,2015-04-11,8
tt1126590,2015-04-09,7
tt3416742,2015-04-05,7
tt1838544,2015-04-05,5
tt0312004,2015-03-27,7
tt0450188,2015-03-26,7
tt1796960,2015-03-26,7
tt0780511,2015-03-24,7
tt0816692,2015-03-22,8
tt2980516,2015-03-14,6
tt2310332,2015-03-13,7
tt0986233,2015-03-10,7
tt2245084,2015-03-09,8
tt2084970,2015-03-08,8
tt0428803,2015-03-08,7
tt0756683,2015-03-06,7
tt2562232,2015-03-05,9
tt2582802,2015-03-03,9
tt0076804,2015-03-02,6
tt1951264,2015-03-01,7
tt1951265,2015-03-01,6
tt0443536,2015-03-01,6
tt2096672,2015-02-28,4
tt1100089,2015-02-28,7
tt2872718,2015-02-28,8
tt1602620,2015-02-21,7
tt0120373,2015-02-21,6
tt2911666,2015-02-15,7
tt0489237,2015-02-13,5
tt2870708,2015-02-13,6
tt1315981,2015-02-12,6
tt0061184,2015-02-11,7
tt0089927,2015-02-08,6
tt1155592,2015-02-08,9
tt0884328,2015-02-07,6
tt0147612,2015-02-07,8
tt1706620,2015-02-05,7
tt0432283,2015-02-04,9
tt2872732,2015-02-02,7
tt0086541,2015-02-02,7
tt0073629,2015-01-31,8
tt2713180,2015-01-31,7
tt1179031,2015-01-30,7
tt0102536,2015-01-30,9
tt0092563,2015-01-30,8
tt0086465,2015-01-29,7
tt0365737,2015-01-29,7
tt0979432,2015-01-29,7
tt0065214,2015-01-28,8
tt1259521,2015-01-28,7
tt0101507,2015-01-27,8
tt0898367,2015-01-26,7
tt1843866,2015-01-25,7
tt2345737,2015-01-25,7
tt0458339,2015-01-24,7
tt0243017,2015-01-24,7
tt2870756,2015-01-23,7
tt0104348,2015-01-23,8
tt1586680,2015-01-23,8
tt0368447,2015-01-21,7
tt1862079,2015-01-20,6
tt0119698,2015-01-20,8
tt0343818,2015-01-19,7
tt1872818,2015-01-19,7
tt0212720,2015-01-17,8
tt1650062,2015-01-16,7
tt1972571,2015-01-14,7
tt1600196,2015-01-14,8
tt0248654,2015-01-12,9
tt0241303,2015-01-06,7
tt2883512,2015-01-05,7
tt0090605,2015-01-04,9
tt0455944,2015-01-04,7
tt2788710,2015-01-02,7
tt0103639,2014-12-31,9
tt2358891,2014-12-30,9
tt1486834,2014-12-30,7
tt1606392,2014-12-30,7
tt0048545,2014-12-27,8
tt0907657,2014-12-26,8
tt1355630,2014-12-26,7
tt1980929,2014-12-25,7
tt1065073,2014-12-23,9
tt1318514,2014-12-22,8
tt2103281,2014-12-22,9
tt0477348,2014-12-22,9
tt1631867,2014-12-22,9
tt2267998,2014-12-22,9
tt0388789,2014-12-21,8
tt2015381,2014-12-20,8
tt1266020,2014-12-02,9
tt1646971,2014-11-22,8
tt0098936,2014-11-15,9
tt1214962,2014-10-17,6
tt2017020,2014-10-15,6
tt2582846,2014-10-14,6
tt2294449,2014-10-13,7
tt2004420,2014-10-08,4
tt1587310,2014-10-06,8
tt1605717,2014-10-04,7
tt1877832,2014-10-04,8
tt2234003,2014-10-04,7
tt0831387,2014-10-01,6
tt2357129,2014-09-25,5
tt0118887,2014-09-10,6
tt0472181,2014-09-08,6
tt0435705,2014-09-08,7
tt0141842,2014-09-08,10
tt0185906,2014-09-08,10
tt0041088,2014-09-08,7
tt0073453,2014-09-08,7
tt0089421,2014-09-08,4
tt0107822,2014-09-07,7
tt1226229,2014-09-07,4
tt1034303,2014-09-07,6
tt0056217,2014-09-07,8
tt0097814,2014-08-20,9
tt0092067,2014-08-20,9
tt0040746,2014-08-13,8
tt0929632,2014-08-11,5
tt2278388,2014-08-10,8
tt2334873,2014-08-08,7
tt0412019,2014-08-08,7
tt0064665,2014-08-07,8
tt1454468,2014-08-06,9
tt0057115,2014-08-05,9
tt1095217,2014-08-05,7
tt0458413,2014-08-04,8
tt1872181,2014-08-03,7
tt1582507,2014-08-02,6
tt2053425,2014-08-02,7
tt1206543,2014-08-02,7
tt2692904,2014-08-02,7
tt2359024,2014-08-02,8
tt0340855,2014-08-02,7
tt0110950,2014-08-02,7
tt1714915,2014-07-31,8
tt1959490,2014-07-31,7
tt0435679,2014-07-31,7
tt0185937,2014-07-30,7
tt0049406,2014-07-30,9
tt1213648,2014-07-30,7
tt0814685,2014-07-30,6
tt2402105,2014-07-29,8
tt0097937,2014-07-28,9
tt0425123,2014-07-28,6
tt2278871,2014-07-27,9
tt0790636,2014-07-24,8
tt2316411,2014-07-23,7
tt0093105,2014-07-22,7
tt0371724,2014-07-20,6
tt1870479,2014-07-20,7
tt2294629,2014-07-19,8
tt0335266,2014-07-18,8
tt0816442,2014-07-18,7
tt2042568,2014-07-18,8
tt2140373,2014-07-18,8
tt2369135,2014-07-16,7
tt1800241,2014-07-16,8
tt1091191,2014-07-15,8
tt1731141,2014-07-14,7
tt2024544,2014-07-14,8
tt1131729,2014-07-12,8
tt0404390,2014-07-11,7
tt0133952,2014-07-10,6
tt0830515,2014-07-08,8
tt1074638,2014-07-08,8
tt0381061,2014-07-08,9
tt0067116,2014-07-07,8
tt1189073,2014-07-06,8
tt0038355,2014-07-06,8
tt0166896,2014-07-06,8
tt1293842,2014-07-06,6
tt0101889,2014-07-04,7
tt0780571,2014-07-03,8
tt1821549,2014-07-03,8
tt1351685,2014-07-02,7
tt2312718,2014-07-02,6
tt0120784,2014-07-01,7
tt1532503,2014-07-01,8
tt0473705,2014-06-30,7
tt0359950,2014-06-30,8
tt1798709,2014-06-30,9
tt0292963,2014-06-30,7
tt0993846,2014-06-28,8
tt0065462,2014-06-28,6
tt1990314,2014-06-28,6
tt0384680,2014-06-27,7
tt1588173,2014-06-26,7
tt0101410,2014-06-26,8
tt1839492,2014-06-25,7
tt0063442,2014-06-25,8
tt0120787,2014-06-25,6
tt2382396,2014-06-24,8
tt1229340,2014-06-24,4
tt2194499,2014-06-24,8
tt1139797,2014-06-23,7
tt1592281,2014-06-23,7
tt1450321,2014-06-22,8
tt2390361,2014-06-22,7
tt1981115,2014-06-21,7
tt0100150,2014-06-21,7
tt0070511,2014-06-20,9
tt0110932,2014-06-20,7
tt0052311,2014-06-18,8
tt0383028,2014-06-18,7
tt0089881,2014-06-17,8
tt0379725,2014-06-17,7
tt0055630,2014-06-16,9
tt0465580,2014-06-15,6
tt0120201,2014-06-15,6
tt0918927,2014-06-14,8
tt1234548,2014-06-14,7
tt0348836,2014-06-13,4
tt1212419,2014-06-13,5
tt0472043,2014-06-11,8
tt0114388,2014-06-10,8
tt1127180,2014-06-10,3
tt0795493,2014-06-08,6
tt0107943,2014-06-06,8
tt0095250,2014-06-05,7
tt0498399,2014-06-04,7
tt0108399,2014-06-03,8
tt0185125,2014-06-03,6
tt0196216,2014-06-03,6
tt0071360,2014-06-02,8
tt1103153,2014-06-02,5
tt0047296,2014-06-01,9
tt0099871,2014-06-01,8
tt0162346,2014-06-01,7
tt0090756,2014-06-01,8
tt0106307,2014-06-01,6
tt0042876,2014-05-31,8
tt0064115,2014-05-30,9
tt0457513,2014-05-30,7
tt0051201,2014-05-29,9
tt0240890,2014-05-25,6
tt0407304,2014-05-25,5
tt0040897,2014-05-25,9
tt0183649,2014-05-24,8
tt0068699,2014-05-24,7
tt0040522,2014-05-23,9
tt0041959,2014-05-22,9
tt0332379,2014-05-21,7
tt0080487,2014-05-20,7
tt0817177,2014-05-19,8
tt0091369,2014-05-19,6
tt0018773,2014-05-19,8
tt0120601,2014-05-18,8
tt0099810,2014-05-18,8
tt0079116,2014-05-18,8
tt0075029,2014-05-17,8
tt1375666,2014-05-16,8
tt0435761,2014-05-16,9
tt0068611,2014-05-16,7
tt1399683,2014-05-15,6
tt0117381,2014-05-13,8
tt0093822,2014-05-11,7
tt0480242,2014-05-10,7
tt0842926,2014-05-09,7
tt0838283,2014-05-04,5
tt0303461,2014-05-04,9
tt1289406,2014-05-04,8
tt1540128,2014-05-04,5
tt0103939,2014-05-03,8
tt0098536,2014-05-03,6
tt0092644,2014-05-02,6
tt0086960,2014-05-02,7
tt0109254,2014-05-02,5
tt1263670,2014-05-02,7
tt0266915,2014-04-30,6
tt0109403,2014-04-30,5
tt0948470,2014-04-28,7
tt0404203,2014-04-27,8
tt1512235,2014-04-25,6
tt0838221,2014-04-25,7
tt0246460,2014-04-25,6
tt1441940,2014-04-25,6
tt0335438,2014-04-22,6
tt0096438,2014-04-21,7
tt1032755,2014-04-21,7
tt0070379,2014-04-20,8
tt0120188,2014-04-20,8
tt1586752,2014-04-19,7
tt1188996,2014-04-19,5
tt0299658,2014-04-19,7
tt0101540,2014-04-19,7
tt1389127,2014-04-19,7
tt0038787,2014-04-17,8
tt1019452,2014-04-14,8
tt0082096,2014-04-13,9
tt0111495,2014-04-13,8
tt0143145,2014-04-11,7
tt0976051,2014-04-11,9
tt0177971,2014-04-09,6
tt0218967,2014-04-09,8
tt0015864,2014-04-09,9
tt0032553,2014-04-08,9
tt0413099,2014-04-06,5
tt0120812,2014-04-06,7
tt0027977,2014-04-06,9
tt0050825,2014-04-05,8
tt0036775,2014-04-05,9
tt0043014,2014-04-04,9
tt0489099,2014-04-04,7
tt0012349,2014-04-04,9
tt0021749,2014-04-04,9
tt0363547,2014-04-02,6
tt0146882,2014-03-31,8
tt0111507,2014-03-31,8
tt0414993,2014-03-30,6
tt0120762,2014-03-30,8
tt0108394,2014-03-30,8
tt1706593,2014-03-29,7
tt0181865,2014-03-29,8
tt0302886,2014-03-29,7
tt0377107,2014-03-29,7
tt0203009,2014-03-27,7
tt1305806,2014-03-26,8
tt0120347,2014-03-25,6
tt0053198,2014-03-25,9
tt0397535,2014-03-24,8
tt0060827,2014-03-24,9
tt0105265,2014-03-23,8
tt0113189,2014-03-23,6
tt0128445,2014-03-22,9
tt0120789,2014-03-22,8
tt0117666,2014-03-21,9
tt0095765,2014-03-20,9
tt0388980,2014-03-20,6
tt0268126,2014-03-19,8
tt1832382,2014-03-16,9
tt0399146,2014-03-16,5
tt2179116,2014-03-16,7
tt2265398,2014-03-16,6
tt1560747,2014-03-15,8
tt1591095,2014-03-15,3
tt0097742,2014-03-14,6
tt1723811,2014-03-14,9
tt0437745,2014-03-14,6
tt1117385,2014-03-14,7
tt0285742,2014-03-13,7
tt0405094,2014-03-12,8
tt0376541,2014-03-11,8
tt0455275,2014-03-11,8
tt0375063,2014-03-11,9
tt0265666,2014-03-09,8
tt0118884,2014-03-09,7
tt1637706,2014-03-09,6
tt0093428,2014-03-08,6
tt1172570,2014-03-07,7
tt0090264,2014-03-04,5
tt0086034,2014-03-03,5
tt0082398,2014-03-01,6
tt0096969,2014-02-28,8
tt0061512,2014-02-27,9
tt0092005,2014-02-27,9
tt0245712,2014-02-27,9
tt0857190,2014-02-26,7
tt0093870,2014-02-25,7
tt2370248,2014-02-24,8
tt1340800,2014-02-24,8
tt0443680,2014-02-22,8
tt0280538,2014-02-22,7
tt0424136,2014-02-22,8
tt1490017,2014-02-22,8
tt0047478,2014-02-20,8
tt1219289,2014-02-20,8
tt1232829,2014-02-19,7
tt0257360,2014-02-19,7
tt0050212,2014-02-18,8
tt0411477,2014-02-18,6
tt0078788,2014-02-17,9
tt2002718,2014-02-16,2
tt0064116,2014-02-16,9
tt0085334,2014-02-16,8
tt0347149,2014-02-15,8
tt1148204,2014-02-15,6
tt0060196,2014-02-15,9
tt0358273,2014-02-14,8
tt0077416,2014-02-14,8
tt0044079,2014-02-14,9
tt1533395,2014-02-14,9
tt1132623,2014-02-14,6
tt0100802,2014-02-12,6
tt0065126,2014-02-11,7
tt0096283,2014-02-11,8
tt1403865,2014-02-11,7
tt0343135,2014-02-11,5
tt0116367,2014-02-10,6
tt0489270,2014-02-08,5
tt0031381,2014-02-08,9
tt0407658,2014-02-07,6
tt1084950,2014-02-05,6
tt0091763,2014-02-04,8
tt1570728,2014-02-02,8
tt1596346,2014-02-02,7
tt0964517,2014-02-02,8
tt1217209,2014-02-02,7
tt1291584,2014-02-02,8
tt1912398,2014-02-02,8
tt1247640,2014-02-02,6
tt0095327,2014-02-01,9
tt1228987,2014-02-01,7
tt0053221,2014-02-01,8
tt0463854,2014-01-31,6
tt1876277,2014-01-31,6
tt0042192,2014-01-31,9
tt0813715,2014-01-30,7
tt1067583,2014-01-30,5
tt0477080,2014-01-30,6
tt0045152,2014-01-30,9
tt0472399,2014-01-30,6
tt1216492,2014-01-30,5
tt0398286,2014-01-30,8
tt0075148,2014-01-30,8
tt1285016,2014-01-30,7
tt0840361,2014-01-30,6
tt0756509,2014-01-30,8
tt0129167,2014-01-29,8
tt0978762,2014-01-28,9
tt0464141,2014-01-27,7
tt0190590,2014-01-27,9
tt0167190,2014-01-27,6
tt0117951,2014-01-26,8
tt0098635,2014-01-26,8
tt0432348,2014-01-26,7
tt0363163,2014-01-26,8
tt0187738,2014-01-26,6
tt0103874,2014-01-25,8
tt0306414,2014-01-25,10
tt0166924,2014-01-24,8
tt1107319,2014-01-24,5
tt0259711,2014-01-24,8
tt1333125,2014-01-24,3
tt1389096,2014-01-24,6
tt1204975,2014-01-24,6
tt0120623,2014-01-23,8
tt0286106,2014-01-23,7
tt1924396,2014-01-22,8
tt0448011,2014-01-22,6
tt0120768,2014-01-21,7
tt1504320,2014-01-21,9
tt0101414,2014-01-21,8
tt0387564,2014-01-20,8
tt0333766,2014-01-19,9
tt0091064,2014-01-19,8
tt0058331,2014-01-18,8
tt0319061,2014-01-18,9
tt0088846,2014-01-18,8
tt0398808,2014-01-18,9
tt0851851,2014-01-18,8
tt0117500,2014-01-18,7
tt0183505,2014-01-17,7
tt0450385,2014-01-17,7
tt1033575,2014-01-17,8
tt1714206,2014-01-17,8
tt0338348,2014-01-17,7
tt2132285,2014-01-15,7
tt1615065,2014-01-15,7
tt0320661,2014-01-13,6
tt0116282,2014-01-12,9
tt0102510,2014-01-12,7
tt0032976,2014-01-11,8
tt1535109,2014-01-10,8
tt1156466,2014-01-10,8
tt0079522,2014-01-08,7
tt0485947,2014-01-07,9
tt0420223,2014-01-07,8
tt1979320,2014-01-07,8
tt0056172,2014-01-06,9
tt1727388,2014-01-06,8
tt0134273,2014-01-06,7
tt0346631,2014-01-06,7
tt0120655,2014-01-05,8
tt1242422,2014-01-04,8
tt0243133,2014-01-04,9
tt0272020,2014-01-01,5
tt2372162,2013-12-31,8
tt1327773,2013-12-30,7
tt0125022,2013-12-30,6
tt0118276,2013-12-28,8
tt1358522,2013-12-28,8
tt0369179,2013-12-28,7
tt1985443,2013-12-28,6
tt0780521,2013-12-27,5
tt1170358,2013-12-27,9
tt2188671,2013-12-27,8
tt1520211,2013-12-27,7
tt1846442,2013-12-27,6
tt0319343,2013-12-26,8
tt2022170,2013-12-26,6
tt0245429,2013-12-26,9
tt0046250,2013-12-25,6
tt2229499,2013-12-25,7
tt0107688,2013-12-24,8
tt0457939,2013-12-24,6
tt0080678,2013-12-24,7
tt0099785,2013-12-24,7
tt1817273,2013-12-24,8
tt0210945,2013-12-24,8
tt1856010,2013-12-24,9
tt0477302,2013-12-23,3
tt0434409,2013-12-23,9
tt1139328,2013-12-23,6
tt0307987,2013-12-22,8
tt0309698,2013-12-22,8
tt0399201,2013-12-22,7
tt0087538,2013-12-22,7
tt0441773,2013-12-22,8
tt2944454,2013-12-22,9
tt0448157,2013-12-21,7
tt1334260,2013-12-21,7
tt0499549,2013-12-21,8
tt0094291,2013-12-20,7
tt0445990,2013-12-20,8
tt1068680,2013-12-19,8
tt1022603,2013-12-19,9
tt1057500,2013-12-18,6
tt0053604,2013-12-16,8
tt0080339,2013-12-15,7
tt1535108,2013-12-14,6
tt1392214,2013-12-14,8
tt0804497,2013-12-08,8
tt1650554,2013-12-08,7
tt1250777,2013-12-08,9
tt2191701,2013-12-07,3
tt0066765,2013-12-06,5
tt2234155,2013-11-30,6
tt0112579,2013-11-26,6
tt0034583,2013-11-24,9
tt0175880,2013-11-24,8
tt0086879,2013-11-24,9
tt1182345,2013-11-23,9
tt0365686,2013-11-23,7
tt0061722,2013-11-22,8
tt0093773,2013-11-22,8
tt1013753,2013-11-21,7
tt0052357,2013-11-21,8
tt0892769,2013-11-21,8
tt0101787,2013-11-21,4
tt1092026,2013-11-18,7
tt0079574,2013-11-17,5
tt0071853,2013-11-17,7
tt1386932,2013-11-16,7
tt1272878,2013-11-15,6
tt1213663,2013-11-12,7
tt0083987,2013-11-11,9
tt2334879,2013-11-11,4
tt2302755,2013-11-11,4
tt1430132,2013-11-09,7
tt1663662,2013-11-09,7
tt0089218,2013-11-08,6
tt1457767,2013-11-07,8
tt0066206,2013-11-03,9
tt0090555,2013-11-03,7
tt0879870,2013-11-03,4
tt0118749,2013-11-02,8
tt0409847,2013-11-01,7
tt2184339,2013-11-01,6
tt0092965,2013-10-27,6
tt0416496,2013-10-27,5
tt0274558,2013-10-26,7
tt0114898,2013-10-26,6
tt0102266,2013-10-24,6
tt1690953,2013-10-23,8
tt0093779,2013-10-20,8
tt1210819,2013-10-19,7
tt1939659,2013-10-19,7
tt0421239,2013-10-18,6
tt0335345,2013-10-18,6
tt0770828,2013-10-18,8
tt0366627,2013-10-14,7
tt0375912,2013-10-14,8
tt2404463,2013-10-12,6
tt0332452,2013-10-12,8
tt2209418,2013-10-11,8
tt0053125,2013-10-08,8
tt0072684,2013-10-07,9
tt1650535,2013-10-07,6
tt0117665,2013-10-06,6
tt1245492,2013-10-02,7
tt0094963,2013-10-01,5
tt0063522,2013-09-30,7
tt2053463,2013-09-29,7
tt1723121,2013-09-29,6
tt1591493,2013-09-29,7
tt0047396,2013-09-28,8
tt1951261,2013-09-28,6
tt0074285,2013-09-28,6
tt1187043,2013-09-26,6
tt1480295,2013-09-26,5
tt0425210,2013-09-22,8
tt0461770,2013-09-22,7
tt1670345,2013-09-22,7
tt0395169,2013-09-21,8
tt0138097,2013-09-18,6
tt0187393,2013-09-18,6
tt0061418,2013-09-17,7
tt0385002,2013-09-16,7
tt1408101,2013-09-16,8
tt1023114,2013-09-15,7
tt1028528,2013-09-15,7
tt0032138,2013-09-15,8
tt0086617,2013-09-15,5
tt0119643,2013-09-14,6
tt0450232,2013-09-14,5
tt0427944,2013-09-14,7
tt0816711,2013-09-13,7
tt1616195,2013-09-12,6
tt0108330,2013-09-11,5
tt1183665,2013-09-10,6
tt1430607,2013-09-10,6
tt0311113,2013-09-08,7
tt0053291,2013-09-08,8
tt1220719,2013-09-08,8
tt0078748,2013-09-08,8
tt0247199,2013-09-06,6
tt0116695,2013-09-05,7
tt0397313,2013-09-05,5
tt0112461,2013-09-03,7
tt0280380,2013-09-03,4
tt0113101,2013-09-02,5
tt0047849,2013-09-02,8
tt0119177,2013-09-02,8
tt0036613,2013-09-02,8
tt0887883,2013-09-01,8
tt0364569,2013-09-01,7
tt0038650,2013-08-31,9
tt0113161,2013-08-31,6
tt0455967,2013-08-31,1
tt1980209,2013-08-31,7
tt0305224,2013-08-31,6
tt0109890,2013-08-31,6
tt0110322,2013-08-30,7
tt0086383,2013-08-30,7
tt0099819,2013-08-30,4
tt0061655,2013-08-30,4
tt0404030,2013-08-30,6
tt0756639,2013-08-29,6
tt0455590,2013-08-29,8
tt0117571,2013-08-29,6
tt0147800,2013-08-29,7
tt0093832,2013-08-29,6
tt0387131,2013-08-29,7
tt0411302,2013-08-29,6
tt0091455,2013-08-29,6
tt0114746,2013-08-28,7
tt0070735,2013-08-28,8
tt0887912,2013-08-28,8
tt0314331,2013-08-28,7
tt0433387,2013-08-28,6
tt0465234,2013-08-27,6
tt0087751,2013-08-26,5
tt0381681,2013-08-25,9
tt0104257,2013-08-25,7
tt0112471,2013-08-25,9
tt0796366,2013-08-25,7
tt0468489,2013-08-25,6
tt0097637,2013-08-25,6
tt0450314,2013-08-24,6
tt0388482,2013-08-24,6
tt0499556,2013-08-24,6
tt0480687,2013-08-24,5
tt0293662,2013-08-24,7
tt0330793,2013-08-24,5
tt0106677,2013-08-24,8
tt0034248,2013-08-24,7
tt1129442,2013-08-24,6
tt0352248,2013-08-23,8
tt0289992,2013-08-23,7
tt2195548,2013-08-23,6
tt1682180,2013-08-22,7
tt1462758,2013-08-22,7
tt0438488,2013-08-22,7
tt2103217,2013-08-22,6
tt0258000,2013-08-21,3
tt1343092,2013-08-21,7
tt1622547,2013-08-21,6
tt1488555,2013-08-20,5
tt1045772,2013-08-20,6
tt0371257,2013-08-20,7
tt1416801,2013-08-20,7
tt0181852,2013-08-19,7
tt2106476,2013-08-19,7
tt0032904,2013-08-19,5
tt1931435,2013-08-19,3
tt1790886,2013-08-18,3
tt0056869,2013-08-18,6
tt0327597,2013-08-18,7
tt1041829,2013-08-18,4
tt1932767,2013-08-18,6
tt0095188,2013-08-18,5
tt1054606,2013-08-17,5
tt0077631,2013-08-17,5
tt0089155,2013-08-17,7
tt0119978,2013-08-17,6
tt0285492,2013-08-17,1
tt0074483,2013-08-17,7
tt1300854,2013-08-16,8
tt0103064,2013-08-16,9
tt0409459,2013-08-16,8
tt0465551,2013-08-16,5
tt0462504,2013-08-16,7
tt0378194,2013-08-15,8
tt0266697,2013-08-15,9
tt0217869,2013-08-15,7
tt0112508,2013-08-15,6
tt1192628,2013-08-15,7
tt0265208,2013-08-15,7
tt0129387,2013-08-15,7
tt0120689,2013-08-15,9
tt0086855,2013-08-15,4
tt0892791,2013-08-15,6
tt0765443,2013-08-14,7
tt1136608,2013-08-14,9
tt0117509,2013-08-14,3
tt1130080,2013-08-14,5
tt0098837,2013-08-13,7
tt1155056,2013-08-13,6
tt0425112,2013-08-13,8
tt0430922,2013-08-12,6
tt1935179,2013-08-12,7
tt0829482,2013-08-12,8
tt0059694,2013-08-12,4
tt0079417,2013-08-12,5
tt0084805,2013-08-12,7
tt0076729,2013-08-11,7
tt0075860,2013-08-11,4
tt0033870,2013-08-11,7
tt0068768,2013-08-11,7
tt0123755,2013-08-10,8
tt0258470,2013-08-10,4
tt0128853,2013-08-10,6
tt0316654,2013-08-10,8
tt0800039,2013-08-10,7
tt0413300,2013-08-10,7
tt0085995,2013-08-10,7
tt0145487,2013-08-10,8
tt0111070,2013-08-10,6
tt0367479,2013-08-10,4
tt0443676,2013-08-10,7
tt0070355,2013-08-10,8
tt0448694,2013-08-10,6
tt1053424,2013-08-10,5
tt0415965,2013-08-10,5
tt1333050,2013-08-10,7
tt0316465,2013-08-10,6
tt0114753,2013-08-10,4
tt0338096,2013-08-09,1
tt0111255,2013-08-09,4
tt0120434,2013-08-09,7
tt0089670,2013-08-09,6
tt1258197,2013-08-09,6
tt0092400,2013-08-09,8
tt0106226,2013-08-09,6
tt0132477,2013-08-09,8
tt0371246,2013-08-09,3
tt0446029,2013-08-08,5
tt0384806,2013-08-08,6
tt0068473,2013-08-08,7
tt1540133,2013-08-08,7
tt0266987,2013-08-07,6
tt1091722,2013-08-07,6
tt0088247,2013-08-07,8
tt0212671,2013-08-07,9
tt0465538,2013-08-07,6
tt1114740,2013-08-06,2
tt0140352,2013-08-06,7
tt0396269,2013-08-06,7
tt0983193,2013-08-05,8
tt0408306,2013-08-05,7
tt0047472,2013-08-05,7
tt0434139,2013-08-05,5
tt0082934,2013-08-05,3
tt0038854,2013-08-05,7
tt1078588,2013-08-04,6
tt1018785,2013-08-04,3
tt1174732,2013-08-04,7
tt0106697,2013-08-04,6
tt1013743,2013-08-04,4
tt0367882,2013-08-04,6
tt0322259,2013-08-04,7
tt0120863,2013-08-04,7
tt0403508,2013-08-04,3
tt0082971,2013-08-04,8
tt1439629,2013-08-04,9
tt0085794,2013-08-04,7
tt1201167,2013-08-04,7
tt0120102,2013-08-03,7
tt0099423,2013-08-03,7
tt0248667,2013-08-03,7
tt0473075,2013-08-03,7
tt0910936,2013-08-03,5
tt0095016,2013-08-03,8
tt0252503,2013-08-03,7
tt0078718,2013-08-03,7
tt0181689,2013-08-02,8
tt0230600,2013-08-02,8
tt0780536,2013-08-02,8
tt1049413,2013-08-02,10
tt0070643,2013-08-02,7
tt0076666,2013-08-01,6
tt1033643,2013-08-01,5
tt0418763,2013-08-01,7
tt0985699,2013-08-01,7
tt0238380,2013-08-01,7
tt0298130,2013-08-01,8
tt0480249,2013-08-01,6
tt0265086,2013-08-01,7
tt0270980,2013-08-01,5
tt1718903,2013-08-01,3
tt1447972,2013-08-01,3
tt0119668,2013-07-31,8
tt0215750,2013-07-31,8
tt0056592,2013-07-31,8
tt0075774,2013-07-31,5
tt0241527,2013-07-30,8
tt1298650,2013-07-30,7
tt0107048,2013-07-30,8
tt0172156,2013-07-30,7
tt0112442,2013-07-30,7
tt0198781,2013-07-30,8
tt1453405,2013-07-30,8
tt1189340,2013-07-30,8
tt1446192,2013-07-30,6
tt0112384,2013-07-30,7
tt1302011,2013-07-30,7
tt0837562,2013-07-30,6
tt1001526,2013-07-30,7
tt0097165,2013-07-30,8
tt0418279,2013-07-30,7
tt1392170,2013-07-30,7
tt0460649,2013-07-30,9
tt0427470,2013-07-30,7
tt0024216,2013-07-30,8
tt1142977,2013-07-30,6
tt2100546,2013-07-30,6
tt1191113,2013-07-30,2
tt0160611,2013-07-30,7
tt0486576,2013-07-29,6
tt0445922,2013-07-29,8
tt0103776,2013-07-29,8
tt0206634,2013-07-29,7
tt0120667,2013-07-29,6
tt0493464,2013-07-29,6
tt0096895,2013-07-29,8
tt0800369,2013-07-29,7
tt0056085,2013-07-29,6
tt0138304,2013-07-29,6
tt0490204,2013-07-29,7
tt0114069,2013-07-29,6
tt0280590,2013-07-29,5
tt0989757,2013-07-28,6
tt0094721,2013-07-28,8
tt0121164,2013-07-28,7
tt1307068,2013-07-28,6
tt1120985,2013-07-28,7
tt0375679,2013-07-28,1
tt0054135,2013-07-28,6
tt0090506,2013-07-28,5
tt0112740,2013-07-28,7
tt0805564,2013-07-27,7
tt0134119,2013-07-27,8
tt0120611,2013-07-27,7
tt0462499,2013-07-27,5
tt1323594,2013-07-27,8
tt1748179,2013-07-27,3
tt0105104,2013-07-27,6
tt0067741,2013-07-27,7
tt0285403,2013-07-26,9
tt0059578,2013-07-26,9
tt1483013,2013-07-26,7
tt0455275,2013-07-26,9
tt0076752,2013-07-26,7
tt0102059,2013-07-26,7
tt0074720,2013-07-26,7
tt0068762,2013-07-26,7
tt0120631,2013-07-25,6
tt0110632,2013-07-25,7
tt0067128,2013-07-25,7
tt0086200,2013-07-24,7
tt0362270,2013-07-24,7
tt0365748,2013-07-24,8
tt1602613,2013-07-24,7
tt0051525,2013-07-24,8
tt0058461,2013-07-23,9
tt0257044,2013-07-23,8
tt1465522,2013-07-23,8
tt0959337,2013-07-23,6
tt0433400,2013-07-22,7
tt0368891,2013-07-22,5
tt0116999,2013-07-22,6
tt0290002,2013-07-21,6
tt0212338,2013-07-21,7
tt0970179,2013-07-21,8
tt0960144,2013-07-21,1
tt0910970,2013-07-21,10
tt0120663,2013-07-21,8
tt0119925,2013-07-21,6
tt0162983,2013-07-21,5
tt1352824,2013-07-20,6
tt0120685,2013-07-20,5
tt0071807,2013-07-20,6
tt1179056,2013-07-20,5
tt0357413,2013-07-20,7
tt1205489,2013-07-20,9
tt0118799,2013-07-20,9
tt0466839,2013-07-20,7
tt0113627,2013-07-19,7
tt0478311,2013-07-19,6
tt1046173,2013-07-19,5
tt1583421,2013-07-19,4
tt0137523,2013-07-19,10
tt0117283,2013-07-19,7
tt0310203,2013-07-19,7
tt0116141,2013-07-19,5
tt0468569,2013-07-18,9
tt0208092,2013-07-18,8
tt0449467,2013-07-18,7
tt0424345,2013-07-18,1
tt0066999,2013-07-18,8
tt1411697,2013-07-18,7
tt0429493,2013-07-18,5
tt1013752,2013-07-18,6
tt0463985,2013-07-18,6
tt0327056,2013-07-18,8
tt1228705,2013-07-18,8
tt0443272,2013-07-18,8
tt0232500,2013-07-18,7
tt1156398,2013-07-18,8
tt0457430,2013-07-18,8
tt0371746,2013-07-18,8
tt1119646,2013-07-18,8
tt0367594,2013-07-18,8
tt0848228,2013-07-18,8
tt0944947,2013-07-18,8
tt0083109,2013-07-18,6
tt0142688,2013-07-18,7
tt1726669,2013-07-18,8
tt1060277,2013-07-17,7
tt2109184,2013-07-17,5
tt0046912,2013-07-17,8
tt0070328,2013-07-17,6
tt2023690,2013-07-17,1
tt0118607,2013-07-16,6
tt0296572,2013-07-16,5
tt1924429,2013-07-16,7
tt0300051,2013-07-15,3
tt1067106,2013-07-15,6
tt0364517,2013-07-15,7
tt1692486,2013-07-15,6
tt0109707,2013-07-15,7
tt0086619,2013-07-15,1
tt0134847,2013-07-14,6
tt0116209,2013-07-14,8
tt1632708,2013-07-14,4
tt0093058,2013-07-14,9
tt2388725,2013-07-14,8
tt2616880,2013-07-14,7
tt0109445,2013-07-13,1
tt0765010,2013-07-13,7
tt1839654,2013-07-13,6
tt0107207,2013-07-13,8
tt1059786,2013-07-12,6
tt0962726,2013-07-12,1
tt0119488,2013-07-12,8
tt0091042,2013-07-12,7
tt0057012,2013-07-11,7
tt0089767,2013-07-11,7
tt0074958,2013-07-11,7
tt1905041,2013-07-11,6
tt0295303,2013-07-11,5
tt1268799,2013-07-11,4
tt0124718,2013-07-11,7
tt0122933,2013-07-11,6
tt0481536,2013-07-11,6
tt1172233,2013-07-11,6
tt0289848,2013-07-11,6
tt0042546,2013-07-11,7
tt1694020,2013-07-11,4
tt0366551,2013-07-08,6
tt0120783,2013-07-08,4
tt0488120,2013-07-07,7
tt0452623,2013-07-07,6
tt0066921,2013-07-07,9
tt0181875,2013-07-06,8
tt1911644,2013-07-06,2
tt1893256,2013-07-05,6
tt1628033,2013-07-05,9
tt0174856,2013-07-05,7
tt1007029,2013-07-05,4
tt0790628,2013-07-05,6
tt1421051,2013-07-05,8
tt0499487,2013-07-05,3
tt0217074,2013-07-05,4
tt0361620,2013-07-04,4
tt0395699,2013-07-04,4
tt0416320,2013-07-04,7
tt0878804,2013-07-04,4
tt1411238,2013-07-04,5
tt0471019,2013-07-04,4
tt0101912,2013-07-03,6
tt0122690,2013-07-02,7
tt1259571,2013-07-02,1
tt0375355,2013-07-02,5
tt1325004,2013-07-02,1
tt1324999,2013-07-02,1
tt0099348,2013-07-02,7
tt0165581,2013-07-02,6
tt0104952,2013-07-02,7
tt1673434,2013-07-02,1
tt1099212,2013-07-02,2
tt1454029,2013-07-01,7
tt0086393,2013-07-01,2
tt1657283,2013-06-30,1
tt0079470,2013-06-30,7
tt0075686,2013-06-30,7
tt0322589,2013-06-30,6
tt0401711,2013-06-30,6
tt0103247,2013-06-30,7
tt0081573,2013-06-29,2
tt0112817,2013-06-29,7
tt0430357,2013-06-29,4
tt1124035,2013-06-29,5
tt0078346,2013-06-29,5
tt0486655,2013-06-29,7
tt0460892,2013-06-29,4
tt0088850,2013-06-29,6
tt1242447,2013-06-29,3
tt0108160,2013-06-28,6
tt1781769,2013-06-28,5
tt0898266,2013-06-28,9
tt0440963,2013-06-27,8
tt0372183,2013-06-27,8
tt0258463,2013-06-27,8
tt0325703,2013-06-27,5
tt0120630,2013-06-27,5
tt0054698,2013-06-27,6
tt0146316,2013-06-27,4
tt0289043,2013-06-27,7
tt0120591,2013-06-27,5
tt0211181,2013-06-27,3
tt0107798,2013-06-27,5
tt0223897,2013-06-27,6
tt0266489,2013-06-27,5
tt0099141,2013-06-27,6
tt0243585,2013-06-27,3
tt1605783,2013-06-26,7
tt2101441,2013-06-26,2
tt0088847,2013-06-26,7
tt1758830,2013-06-26,5
tt0120882,2013-06-26,6
tt1151922,2013-06-26,2
tt0327247,2013-06-26,4
tt0473488,2013-06-26,7
tt0277027,2013-06-25,7
tt0099077,2013-06-25,7
tt0467406,2013-06-25,5
tt1235522,2013-06-24,6
tt1634122,2013-06-24,4
tt0215129,2013-06-24,3
tt0106977,2013-06-24,7
tt0119396,2013-06-24,7
tt0097239,2013-06-24,7
tt1321862,2013-06-24,3
tt0203019,2013-06-23,6
tt0481369,2013-06-23,5
tt1655442,2013-06-23,8
tt0142342,2013-06-23,3
tt1001508,2013-06-23,5
tt0388795,2013-06-23,7
tt0386140,2013-06-23,5
tt0118689,2013-06-23,5
tt2125435,2013-06-23,6
tt0107808,2013-06-23,8
tt0970866,2013-06-23,5
tt0096657,2013-06-23,5
tt0453451,2013-06-23,5
tt0120746,2013-06-23,5
tt1614950,2013-06-23,3
tt1300851,2013-06-22,6
tt0496424,2013-06-22,8
tt0460637,2013-06-22,8
tt1606378,2013-06-22,5
tt0980970,2013-06-22,4
tt0319262,2013-06-22,6
tt1235099,2013-06-22,7
tt1735898,2013-06-22,4
tt0460627,2013-06-22,7
tt1205558,2013-06-22,8
tt0289036,2013-06-22,8
tt0805666,2013-06-22,7
tt0877105,2013-06-22,7
tt0889573,2013-06-21,3
tt0815236,2013-06-21,4
tt0349683,2013-06-21,4
tt0783233,2013-06-21,7
tt0277371,2013-06-21,3
tt0380510,2013-06-21,6
tt0114214,2013-06-21,6
tt0104797,2013-06-20,7
tt0808146,2013-06-20,3
tt1407050,2013-06-20,3
tt0328828,2013-06-20,3
tt0252866,2013-06-20,3
tt1605630,2013-06-20,3
tt0436058,2013-06-20,3
tt0482572,2013-06-20,6
tt0974959,2013-06-20,3
tt0120131,2013-06-19,5
tt0362120,2013-06-19,4
tt0244244,2013-06-19,5
tt0443453,2013-06-19,4
tt0112401,2013-06-19,5
tt1928330,2013-06-19,4
tt0426931,2013-06-18,4
tt0072890,2013-06-18,7
tt0479143,2013-06-18,6
tt0087843,2013-06-18,8
tt0790724,2013-06-18,6
tt0318403,2013-06-18,6
tt1172991,2013-06-18,5
tt0479997,2013-06-18,3
tt0092666,2013-06-18,4
tt1243957,2013-06-17,4
tt1277953,2013-06-17,6
tt0358082,2013-06-17,5
tt1078940,2013-06-17,3
tt1007028,2013-06-17,3
tt0438097,2013-06-17,6
tt1216475,2013-06-17,6
tt0389790,2013-06-17,4
tt1242460,2013-06-17,8
tt0317919,2013-06-17,4
tt1542344,2013-06-17,5
tt1636826,2013-06-17,4
tt1563738,2013-06-17,6
tt1564367,2013-06-17,3
tt0486822,2013-06-17,5
tt1229238,2013-06-17,4
tt0182576,2013-06-17,8
tt1547234,2013-06-17,3
tt0337921,2013-06-17,4
tt0947802,2013-06-17,4
tt1456635,2013-06-17,3
tt1038919,2013-06-17,3
tt0417741,2013-06-16,7
tt0425061,2013-06-16,5
tt0321021,2013-06-16,5
tt0337741,2013-06-16,6
tt1439572,2013-06-16,5
tt1641349,2013-06-16,4
tt1596343,2013-06-16,6
tt1608180,2013-06-16,3
tt0454945,2013-06-16,4
tt0112022,2013-06-16,4
tt0395843,2013-06-16,4
tt1375670,2013-06-16,4
tt0313043,2013-06-16,4
tt1327194,2013-06-16,4
tt0247082,2013-06-16,4
tt1845307,2013-06-16,4
tt0364845,2013-06-16,5
tt1667310,2013-06-16,5
tt0313911,2013-06-16,3
tt1226273,2013-06-16,4
tt1657507,2013-06-16,4
tt0340163,2013-06-16,4
tt0402910,2013-06-16,5
tt0325980,2013-06-15,7
tt0325805,2013-06-15,7
tt0268380,2013-06-15,7
tt0164912,2013-06-15,3
tt0376136,2013-06-15,4
tt0120681,2013-06-15,7
tt0242423,2013-06-15,3
tt0075005,2013-06-15,7
tt0103855,2013-06-15,5
tt0795368,2013-06-15,3
tt0119468,2013-06-15,6
tt0414982,2013-06-15,5
tt1859650,2013-06-15,3
tt0834001,2013-06-15,4
tt0398913,2013-06-15,3
tt0211933,2013-06-15,4
tt1500491,2013-06-15,3
tt1517489,2013-06-15,3
tt1622979,2013-06-15,4
tt1655460,2013-06-15,3
tt1754264,2013-06-15,3
tt0443274,2013-06-15,4
tt0091326,2013-06-15,6
tt0373051,2013-06-15,3
tt0479952,2013-06-15,6
tt0421073,2013-06-15,5
tt0795351,2013-06-15,5
tt1073498,2013-06-15,4
tt0124298,2013-06-15,4
tt0254455,2013-06-15,2
tt0373074,2013-06-15,5
tt1083456,2013-06-15,3
tt0170016,2013-06-15,4
tt2097307,2013-06-15,5
tt0430105,2013-06-15,5
tt1592873,2013-06-15,1
tt2083383,2013-06-15,5
tt1412386,2013-06-15,4
tt0097647,2013-06-15,5
tt0337692,2013-06-15,4
tt0944835,2013-06-15,5
tt1586265,2013-06-15,2
tt0306047,2013-06-15,4
tt0985694,2013-06-15,4
tt0384793,2013-06-15,3
tt0455824,2013-06-15,4
tt0480255,2013-06-15,3
tt0195685,2013-06-15,4
tt0366548,2013-06-15,4
tt0892318,2013-06-15,6
tt1294226,2013-06-15,4
tt0477071,2013-06-15,4
tt1231587,2013-06-15,4
tt1403981,2013-06-15,5
tt0338459,2013-06-15,3
tt0499448,2013-06-15,5
tt0099329,2013-06-15,6
tt0112642,2013-06-15,3
tt0393162,2013-06-15,5
tt0307453,2013-06-15,6
tt0106856,2013-06-15,7
tt1028532,2013-06-15,6
tt0117913,2013-06-15,5
tt0227538,2013-06-15,3
tt0396171,2013-06-15,7
tt0312172,2013-06-15,8
tt1080016,2013-06-15,6
tt1621045,2013-06-15,3
tt1931533,2013-06-15,5
tt1623205,2013-06-15,6
tt0465494,2013-06-15,6
tt1764234,2013-06-15,5
tt0343660,2013-06-15,4
tt0257106,2013-06-15,4
tt0311429,2013-06-15,4
tt0120888,2013-06-15,5
tt0104714,2013-06-15,7
tt0286716,2013-06-15,3
tt1646987,2013-06-15,4
tt1135985,2013-06-15,4
tt1155076,2013-06-15,4
tt0822832,2013-06-15,4
tt0963966,2013-06-15,4
tt0478304,2013-06-15,4
tt1242432,2013-06-15,4
tt0816462,2013-06-15,3
tt0087363,2013-06-15,5
tt1023111,2013-06-15,5
tt0122151,2013-06-15,7
tt0914798,2013-06-15,7
tt0337563,2013-06-15,3
tt1649419,2013-06-15,5
tt1212450,2013-06-15,6
tt1596350,2013-06-15,5
tt1606389,2013-06-15,5
tt0097958,2013-06-15,8
tt1667889,2013-06-15,6
tt1321870,2013-06-15,5
tt1559547,2013-06-15,4
tt1855199,2013-06-15,6
tt0080455,2013-06-15,8
tt0183790,2013-06-15,4
tt1458175,2013-06-15,4
tt0281358,2013-06-15,8
tt0097733,2013-06-15,8
tt0175142,2013-06-15,4
tt0099938,2013-06-15,3
tt0088323,2013-06-15,5
tt1922777,2013-06-15,5
tt0092890,2013-06-15,5
tt0398165,2013-06-15,4
tt0904208,2013-06-15,7
tt1196946,2013-06-15,9
tt0096697,2013-06-15,9
tt1219024,2013-06-15,8
tt0411008,2013-06-15,10
tt0412142,2013-06-15,9
tt0773262,2013-06-15,9
tt1124373,2013-06-15,9
tt0108778,2013-06-15,10
tt1475582,2013-06-15,9
tt1632701,2013-06-15,9
tt0903747,2013-06-15,10
tt2230434,2013-06-15,5
tt0345235,2013-06-15,4
tt0181316,2013-06-15,4
tt0250223,2013-06-15,5
tt0463034,2013-06-15,4
tt0152930,2013-06-15,5
tt0412080,2013-06-15,7
tt1210042,2013-06-15,4
tt0097778,2013-06-15,4
tt0329028,2013-06-15,1
tt0363282,2013-06-15,4
tt0414852,2013-06-15,4
tt1748227,2013-06-15,4
tt0329774,2013-06-15,3
tt0119395,2013-06-15,4
tt0117318,2013-06-15,8
tt0190138,2013-06-15,4
tt0377062,2013-06-15,4
tt0316732,2013-06-15,1
tt1179034,2013-06-15,5
tt0465602,2013-06-15,4
tt0380389,2013-06-15,4
tt0106387,2013-06-15,5
tt0914863,2013-06-15,5
tt1410063,2013-06-15,7
tt1988591,2013-06-15,2
tt1321860,2013-06-15,4
tt1294688,2013-06-15,4
tt0091541,2013-06-15,6
tt1032815,2013-06-15,3
tt0287717,2013-06-15,3
tt0452594,2013-06-15,3
tt0309593,2013-06-15,5
tt1144884,2013-06-15,4
tt0274166,2013-06-15,4
tt0250687,2013-06-15,6
tt0120657,2013-06-15,3
tt0119303,2013-06-15,1
tt1567609,2013-06-15,5
tt1937264,2013-06-15,4
tt0252076,2013-06-15,3
tt0427229,2013-06-15,3
tt1186367,2013-06-15,5
tt0090859,2013-06-15,4
tt0472062,2013-06-15,5
tt0305357,2013-06-15,3
tt0360139,2013-06-15,3
tt1614989,2013-06-15,4
tt0104431,2013-06-15,6
tt0267129,2013-06-15,4
tt2586070,2013-06-15,4
tt1770734,2013-06-15,3
tt0486640,2013-06-15,2
tt0100050,2013-06-15,4
tt0189192,2013-06-15,5
tt0107438,2013-06-15,4
tt0119896,2013-06-15,3
tt0133385,2013-06-15,4
tt0385705,2013-06-15,6
tt0113870,2013-06-15,5
tt0463872,2013-06-15,3
tt0217630,2013-06-15,3
tt0141109,2013-06-15,3
tt0473360,2013-06-15,4
tt0329200,2013-06-15,1
tt0103759,2013-06-15,4
tt0245803,2013-06-15,4
tt0804540,2013-06-15,5
tt0361089,2013-06-15,4
tt0183869,2013-06-15,5
tt0295721,2013-06-15,5
tt0108500,2013-06-15,6
tt1313139,2013-06-15,4
tt1083462,2013-06-15,2
tt2061712,2013-06-15,3
tt0202521,2013-06-15,4
tt0105606,2013-06-15,4
tt0988108,2013-06-15,3
tt0167049,2013-06-15,4
tt1217637,2013-06-15,4
tt0357111,2013-06-15,4
tt0095145,2013-06-15,3
tt1201607,2013-06-14,7
tt0926084,2013-06-14,7
tt0373889,2013-06-14,7
tt0330373,2013-06-14,7
tt0304141,2013-06-14,7
tt0295297,2013-06-14,7
tt0144117,2013-06-14,7
tt0139654,2013-06-14,8
tt1345836,2013-06-14,8
tt0372784,2013-06-14,8
tt0369339,2013-06-14,7
tt0449088,2013-06-14,7
tt0383574,2013-06-14,7
tt0988045,2013-06-14,8
tt0172495,2013-06-14,8
tt0217505,2013-06-14,8
tt0268978,2013-06-14,8
tt0112641,2013-06-14,8
tt0083866,2013-06-14,7
tt0113277,2013-06-14,8
tt0167404,2013-06-14,8
tt0373469,2013-06-14,6
tt0180093,2013-06-14,8
tt0086250,2013-06-14,8
tt0289879,2013-06-14,8
tt0062512,2013-06-14,7
tt0207201,2013-06-14,4
tt0200465,2013-06-14,6
tt0368008,2013-06-14,5
tt0100507,2013-06-14,4
tt0084602,2013-06-14,5
tt0097441,2013-06-14,6
tt1121931,2013-06-14,4
tt1297919,2013-06-14,5
tt0399295,2013-06-14,7
tt1231583,2013-06-14,5
tt0350258,2013-06-14,8
tt1401152,2013-06-14,5
tt0110478,2013-06-14,6
tt1448755,2013-06-14,4
tt1601913,2013-06-14,4
tt1840417,2013-06-14,6
tt0106489,2013-06-14,7
tt0106519,2013-06-14,7
tt0401855,2013-06-14,4
tt1656190,2013-06-14,4
tt0089880,2013-06-14,5
tt1800741,2013-06-14,5
tt1904996,2013-06-14,4
tt0307901,2013-06-14,6
tt1193631,2013-06-14,5
tt0315327,2013-06-14,6
tt0315733,2013-06-14,8
tt0064757,2013-06-14,6
tt0479884,2013-06-14,5
tt0187078,2013-06-14,5
tt0195714,2013-06-14,6
tt1366344,2013-06-14,3
tt0452608,2013-06-14,5
tt0308644,2013-06-14,7
tt0105323,2013-06-14,8
tt0119099,2013-06-14,6
tt0824747,2013-06-14,7
tt0112864,2013-06-14,7
tt1284575,2013-06-14,3
tt1599348,2013-06-14,5
tt0119822,2013-06-14,6
tt0295701,2013-06-14,4
tt0389860,2013-06-14,4
tt0404032,2013-06-14,5
tt0059800,2013-06-14,7
tt0119528,2013-06-14,5
tt0160127,2013-06-14,4
tt1037705,2013-06-14,6
tt0413267,2013-06-14,6
tt0162661,2013-06-14,7
tt0057076,2013-06-14,7
tt0119094,2013-06-14,6
tt0814314,2013-06-14,8
tt0119008,2013-06-14,7
tt0337978,2013-06-14,5
tt1764651,2013-06-14,4
tt0349903,2013-06-14,5
tt1055369,2013-06-14,5
tt1389137,2013-06-14,6
tt0094226,2013-06-14,7
tt0081398,2013-06-14,7
tt1152836,2013-06-14,7
tt0033467,2013-06-14,7
tt0343737,2013-06-14,6
tt0497465,2013-06-14,4
tt0242653,2013-06-14,6
tt0120363,2013-06-14,8
tt0362227,2013-06-14,7
tt0052618,2013-06-14,6
tt1197624,2013-06-14,8
tt0808151,2013-06-14,5
tt0443543,2013-06-14,8
tt0298148,2013-06-14,7
tt1306980,2013-06-14,7
tt0055928,2013-06-14,7
tt0071315,2013-06-14,7
tt0120755,2013-06-14,4
tt0058150,2013-06-14,7
tt0351283,2013-06-14,7
tt0462590,2013-06-14,5
tt1010048,2013-06-14,8
tt1409024,2013-06-14,5
tt0118971,2013-06-14,7
tt0095953,2013-06-14,7
tt0117060,2013-06-14,6
tt0083944,2013-06-14,5
tt0758774,2013-06-14,5
tt0221027,2013-06-14,8
tt0120660,2013-06-14,6
tt0120669,2013-06-14,3
tt0328107,2013-06-14,7
tt1210166,2013-06-14,7
tt0099487,2013-06-14,8
tt0107818,2013-06-14,7
tt0121765,2013-06-14,5
tt0278504,2013-06-14,5
tt0448134,2013-06-14,4
tt0450259,2013-06-14,6
tt1499658,2013-06-14,3
tt0087469,2013-06-14,7
tt1907668,2013-06-14,6
tt1386588,2013-06-14,3
tt0289765,2013-06-14,7
tt0453467,2013-06-14,7
tt0384537,2013-06-14,4
tt0381849,2013-06-14,6
tt1386703,2013-06-14,4
tt0454876,2013-06-14,6
tt1125849,2013-06-14,5
tt1320253,2013-06-14,4
tt0433035,2013-06-14,4
tt0356910,2013-06-14,6
tt1399103,2013-06-14,5
tt0338751,2013-06-14,7
tt0110148,2013-06-14,5
tt1385826,2013-06-14,5
tt0290334,2013-06-14,7
tt0405159,2013-06-14,7
tt0118688,2013-06-14,2
tt1645170,2013-06-14,5
tt0386588,2013-06-14,6
tt1193138,2013-06-14,4
tt0172493,2013-06-14,7
tt0099653,2013-06-14,5
tt0401729,2013-06-14,4
tt0325710,2013-06-14,7
tt0496806,2013-06-14,5
tt0454921,2013-06-14,8
tt0454848,2013-06-14,7
tt0317740,2013-06-14,6
tt0120735,2013-06-14,7
tt1343727,2013-06-14,3
tt0234215,2013-06-14,6
tt0800080,2013-06-14,5
tt0097576,2013-06-14,7
tt0108550,2013-06-14,8
tt0287978,2013-06-14,4
tt0382625,2013-06-14,5
tt1637688,2013-06-14,4
tt0936501,2013-06-14,6
tt1790885,2013-06-14,6
tt0320691,2013-06-14,5
tt1464540,2013-06-14,4
tt0945513,2013-06-14,6
tt0086190,2013-06-14,6
tt0212985,2013-06-14,7
tt0105695,2013-06-14,7
tt0087928,2013-06-14,6
tt0405422,2013-06-14,5
tt0109686,2013-06-14,8
tt0119654,2013-06-14,6
tt0126029,2013-06-14,8
tt0107614,2013-06-14,5
tt0119174,2013-06-14,8
tt0298203,2013-06-14,7
tt0099674,2013-06-14,7
tt0102798,2013-06-14,5
tt0112462,2013-06-14,4
tt0361862,2013-06-14,7
tt0356150,2013-06-14,4
tt1104001,2013-06-14,4
tt0121766,2013-06-14,6
tt0110475,2013-06-14,7
tt0139134,2013-06-14,6
tt0421715,2013-06-14,8
tt1515091,2013-06-14,6
tt0080684,2013-06-14,6
tt0113497,2013-06-14,7
tt0276751,2013-06-14,5
tt1748122,2013-06-14,8
tt0382932,2013-06-14,6
tt0211915,2013-06-14,9
tt1637725,2013-06-14,5
tt0283111,2013-06-14,4
tt1077368,2013-06-14,5
tt0240772,2013-06-14,6
tt1024648,2013-06-14,7
tt0253474,2013-06-14,8
tt0376994,2013-06-14,7
tt0213149,2013-06-14,6
tt0408236,2013-06-14,7
tt0084787,2013-06-14,7
tt1245526,2013-06-14,5
tt1276104,2013-06-14,5
tt1772341,2013-06-14,6
tt0446755,2013-06-14,6
tt1045658,2013-06-14,8
tt0469494,2013-06-14,8
tt0360486,2013-06-14,5
tt1282140,2013-06-14,5
tt0050083,2013-06-14,9
tt0363771,2013-06-14,6
tt0264464,2013-06-14,8
tt0116483,2013-06-14,5
tt0120915,2013-06-14,5
tt0822854,2013-06-14,6
tt0083658,2013-06-14,7
tt0942385,2013-06-14,4
tt0099088,2013-06-14,9
tt0144084,2013-06-14,8
tt0125439,2013-06-14,4
tt0443706,2013-06-14,7
tt0317219,2013-06-14,6
tt0120382,2013-06-14,8
tt0414387,2013-06-14,5
tt0947798,2013-06-14,8
tt0070047,2013-06-14,6
tt1707386,2013-06-14,7
tt0458352,2013-06-14,5
tt1675434,2013-06-14,7
tt0903624,2013-06-14,8
tt0054215,2013-06-14,8
tt0317248,2013-06-14,9
tt0067992,2013-06-14,7
tt1194173,2013-06-14,6
tt0120586,2013-06-14,7
tt0765429,2013-06-14,8
tt1568346,2013-06-14,7
tt0458525,2013-06-14,6
tt0112573,2013-06-14,9
tt0105236,2013-06-14,9
tt0246578,2013-06-14,9
tt0073486,2013-06-14,9
tt1270798,2013-06-14,7
tt0401792,2013-06-14,8
tt1371111,2013-06-14,6
tt0162222,2013-06-14,8
tt1659337,2013-06-14,8
tt0110357,2013-06-14,8
tt0075314,2013-06-14,7
tt0120903,2013-06-14,7
tt0076759,2013-06-14,6
tt0099685,2013-06-14,9
tt0114369,2013-06-14,9
tt0071562,2013-06-14,8
tt0093409,2013-06-14,8
tt0317705,2013-06-14,8
tt1014759,2013-06-14,6
tt0416449,2013-06-14,6
tt0780504,2013-06-14,8
tt0096874,2013-06-14,9
tt0119217,2013-06-14,8
tt0092099,2013-06-14,6
tt0108052,2013-06-14,9
tt0102926,2013-06-14,9
tt0169547,2013-06-14,9
tt0133093,2013-06-14,6
tt0332280,2013-06-14,5
tt0110413,2013-06-14,9
tt0081505,2013-06-14,8
tt0377092,2013-06-14,5
tt1853728,2013-06-14,9
tt0114814,2013-06-14,8
tt0482571,2013-06-14,8
tt1446714,2013-06-14,3
tt0163651,2013-06-14,4
tt0120815,2013-06-14,9
tt0800320,2013-06-14,4
tt0120338,2013-06-14,7
tt0110912,2013-06-14,10
tt0361748,2013-06-14,8
tt0109830,2013-06-14,10
tt0111161,2013-06-14,10
tt0068646,2013-06-14,8
tt0087332,2013-06-14,7
tt0088763,2013-06-14,9
tt0266543,2013-06-14,7
tt0116629,2013-06-14,5
tt0089822,2013-06-14,5
tt0821642,2013-06-14,6
tt0427309,2013-06-14,6
tt0480271,2013-06-14,4
tt0281322,2013-06-14,4
tt0091777,2013-06-14,5
tt1276434,2013-06-14,4
tt0313443,2013-06-14,5
tt0266465,2013-06-14,4
tt2091473,2013-06-14,6
tt0292506,2013-06-14,5
tt0364970,2013-06-14,4
tt0091605,2013-06-14,5
tt1683526,2013-06-14,3
tt0115798,2013-06-14,6
tt1111422,2013-06-14,5
tt0066995,2013-06-14,6
tt0070666,2013-06-14,7
tt0975645,2013-06-14,6
tt0363988,2013-06-14,6
tt0251160,2013-06-14,6
tt0145681,2013-06-14,6
tt0227445,2013-06-14,7
tt0095956,2013-06-14,5
tt0079817,2013-06-14,5
tt1298649,2013-06-14,3
tt0947810,2013-06-14,5
tt0112851,2013-06-14,5
tt0377981,2013-06-14,4
tt0120912,2013-06-14,5
tt0272152,2013-06-14,8
tt0825232,2013-06-14,6
tt1397280,2013-06-14,5
tt0138704,2013-06-14,4
tt1023481,2013-06-14,5
tt0128442,2013-06-14,7
tt1179904,2013-06-14,6
tt1010387,2013-06-14,4
tt0057831,2013-06-14,7
tt0093756,2013-06-14,5
tt0404978,2013-06-14,3
tt0110857,2013-06-14,1
tt0098105,2013-06-14,2
tt0095882,2013-06-14,4
tt0494834,2013-06-14,5
